[{"pos_x": 54.3, "pos_y": -123.6, "rotation": 0.0, "side": "top", "designator": "J2", "mpn": "PPPC071LFBN-RC", "pack": "PinSocket_1x07_P2.54mm_Vertical", "value": "AMP_SOCKET", "mount_type": "tht", "place": true}, {"pos_x": 54.13, "pos_y": -57.91, "rotation": 0.0, "side": "top", "designator": "A1", "mpn": null, "pack": "Adafruit_Feather_WithMountingHoles", "value": "Adafruit_Feather_Generic", "mount_type": "tht", "place": false}, {"pos_x": 73.3, "pos_y": -49.2, "rotation": 180.0, "side": "top", "designator": "J4", "mpn": "S4B-PH-K-S(LF)(SN)", "pack": "JST_PH_S4B-PH-K_1x04_P2.00mm_Horizontal", "value": "BTN_SOCKET", "mount_type": "tht", "place": true}, {"pos_x": 72.1, "pos_y": -136.9, "rotation": 0.0, "side": "top", "designator": "H1", "mpn": null, "pack": "MountingHole_2.7mm_M2.5", "value": "MountingHole", "mount_type": "tht", "place": false}, {"pos_x": 54.3, "pos_y": -104.62, "rotation": 0.0, "side": "top", "designator": "J1", "mpn": "PPPC071LFBN-RC", "pack": "PinSocket_1x07_P2.54mm_Vertical", "value": "SD_SOCKET", "mount_type": "tht", "place": true}, {"pos_x": 59.1, "pos_y": -49.2, "rotation": 180.0, "side": "top", "designator": "J3", "mpn": "S3B-PH-K-S(LF)(SN)", "pack": "JST_PH_S3B-PH-K_1x03_P2.00mm_Horizontal", "value": "LED_SOCKET", "mount_type": "tht", "place": true}]