Designator,Footprint,Quantity,Value,LCSC Part #
"C1, C15, C7, C9",0402,4,10u,C723895
C10,0201,1,0.1 uF,C5188607
"C11, C12",0603,2,4.7u,C154959
"C2, C3",0402,2,22p,C1864408
C4,0805,1,0.1 uF,C3018562
"C5, C6",0402,2,220p,C2180680
C8,0402,1,100 nF,C2167115
D1,WS2812B-2020,1,WS2812B-2020,C965555
D2,0603,1,BLUE,C125103
D3,0603,1,RED,C157741
D4,D_SOD-323,1,BZX38450,C3741657
D5,0603,1,REV,C157741
D6,D_SOD-323F,1,PMEG1030EJ,C133633
"FB1, FB2",0603,2,FB_Sm,C2661637
IC1,USON-8-03x02mm-PSON50P200X300X50-9N,1,Flash_16Mb,C2986331
IC2,LSM6DSLTR,1,LSM6DSLTR,C126672
IC3,NCP186AMX330TAG,1,NCP186AMX330TAG,C719823
IC4,SON50P300X300X100-11N-D,1,MCP73834T-FCI_MF,C623861
J11,Molex uSD Card Holder Push-Push 503398-1892,1,503398-1892,C428492
J5,AMPHENOL_12401832E402A,1,105450-0101,C464604
"Q1, Q4",DMP1012UFDF,2,DMP1012UFDF,C5245345
"Q2, Q3",SSM6K504NULF,2,SSM6K504NU.LF,C2762699
"Q5, Q6, Q7, Q8",Diodes_DFN1006-3,4,PMZB290UNE2YL,C547294
"R1, R2",0402,2,22,C114765
"R10, R21, R22, R3, R4",0402,5,1k,C2073750
"R11, R5, R6",0402,3,2.0k,C137887
R12,0402,1,200,C114764
"R13, R14, R15, R16",0402,4,100k,C323691
R17,0402,1,10k,C2930556
"R23, R24",0402,2,5k1,C1858768
R7,0402,1,1M,C5340389
R8,0402,1,330,C323723
R9,0402,1,2.2k,C2076947
SW1,CK_Components-KMR231NG_LFS-MFG,1,RST,C221679
SW2,CK_Components-KMR231NG_LFS-MFG,1,USR,C221679
U1,XCVR_MDBT50Q-1MV2,1,MDBT50Q-1MV2,MDBT50Q-1MV2
U2,Maxim_Integrated-T1633-4-0-V-IPC_C,1,MAX98357AETE+T,C910544
U3,WSON-6_1.5x1.5mm_P0.5mm,1,BQ29705DSER ,C2876296
Y1,XTAL_ECS-.327-12.5-1210B-N-TR,1,32.768k,C435180
