﻿designator,quantity,value,pack,mpn,mount_type
"C1, C15, C7, C9",4,10u,C_0402_1005Metric,GRM155R60J106ME05D,smt
C10,1,0.1 uF,C_0201_0603Metric,02016D104KAT2A,smt
"C11, C12",2,4.7u,C_0603_1608Metric,CL10A475MQ8NNNC ,smt
"C2, C3",2,22p,C_0402_1005Metric,GCM1555G1H220JA16D,smt
C4,1,0.1 uF,C_0805_2012Metric,C0805C104K5RACTU,smt
"C5, C6",2,220p,C_0402_1005Metric,885012207056 ,smt
C8,1,100 nF,C_0402_1005Metric,C0402C104K9RACTU,smt
D1,1,WS2812B-2020,WS2812B-2020,WS2812B-2020,smt
D2,1,BLUE,LED_0603_1608Metric,LTST-C193TBKT-5A,smt
D3,1,RED,LED_0603_1608Metric,LTST-C193KRKT-5A,smt
D4,1,BZX38450,D_SOD-323,BZX38450-C1V8X,smt
D5,1,REV,LED_0603_1608Metric,LTST-C193KRKT-5A,smt
D6,1,PMEG1030EJ,D_SOD-323F,"PMEG1030EJ,115 ",smt
"FB1, FB2",2,FB_Sm,C_0603_1608Metric,MH1608-471Y,smt
IC1,1,Flash_16Mb,USON-8-03x02mm-PSON50P200X300X50-9N,GD25Q16EEIGR,smt
IC2,1,LSM6DSLTR,LSM6DSLTR,LSM6DSLTR,smt
IC3,1,NCP186AMX330TAG,NCP186AMX330TAG,NCP186AMX330TAG,smt
IC4,1,MCP73834T-FCI_MF,SON50P300X300X100-11N-D,MCP73834T-FCI/MF,smt
IC5,1,HSP061-2M6,SON50P100X145X65-6N-D,,smt
J1,1,BATT,PinSocket_1x02_P2.00mm_Vertical,,tht
J11,1,503398-1892,Molex uSD Card Holder Push-Push 503398-1892,503398-1892,smt
J2,1,LEDs,PinSocket_2x04_P2.00mm_Vertical,,tht
J3,1,QWIIC,JST_SH_SM04B-SRSS-TB_1x04-1MP_P1.00mm_Horizontal,SM04B-SRSS-TB(LF)(SN),smt
J4,1,SPKR,PinSocket_1x02_P2.00mm_Vertical,,tht
J5,1,105450-0101,AMPHENOL_12401832E402A,12401832E402A,smt
J6,1,DBG,Prog-Pads,,smt
J9,1,BTNs,PinSocket_2x03_P2.00mm_Vertical,,tht
"Q1, Q4",2,DMP1012UFDF,DMP1012UFDF,DMP1012UFDF-7 ,smt
"Q2, Q3",2,SSM6K504NU.LF,SSM6K504NULF,"SSM6K504NU,LF",smt
"Q5, Q6, Q7, Q8",4,PMZB290UNE2YL,Diodes_DFN1006-3,PMZB290UNE2YL,smt
"R1, R2",2,22,R_0402_1005Metric,RC0402FR-0722RL,smt
"R10, R21, R22, R3, R4",5,1k,R_0402_1005Metric,CRG0402F1K0,smt
"R11, R5, R6",3,2.0k,R_0402_1005Metric,RC0402JR-072KL,smt
R12,1,200,R_0402_1005Metric,RC0402FR-07200RL,smt
"R13, R14, R15, R16",4,100k,R_0402_1005Metric,RMC10K104FTH,smt
R17,1,10k,R_0402_1005Metric,RC0402JR-075K1P,smt
"R23, R24",2,5k1,R_0402_1005Metric,ERJ-U02F5101X ,smt
R7,1,1M,R_0402_1005Metric,CRGP0402F1M0,smt
R8,1,330,R_0402_1005Metric,RMC10-331JTH,smt
R9,1,2.2k,R_0402_1005Metric,CRCW04022K20FKEDC,smt
SW1,1,RST,CK_Components-KMR231NG_LFS-MFG,KMR231NGLFS,tht
SW2,1,USR,CK_Components-KMR231NG_LFS-MFG,KMR231NGLFS,tht
U1,1,MDBT50Q-1MV2,XCVR_MDBT50Q-1MV2,MDBT50Q-1MV2,smt
U2,1,MAX98357AETE+T,Maxim_Integrated-T1633-4-0-V-IPC_C,MAX98357AETE+T ,tht
U3,1,BQ29705DSER ,WSON-6_1.5x1.5mm_P0.5mm,BQ29705DSER,smt
Y1,1,32.768k,XTAL_ECS-.327-12.5-1210B-N-TR,ECS-.327-12.5-1210B-N-TR,smt
