﻿pos_x,pos_y,rotation,side,designator,mpn,pack,value,mount_type,place
80.08,-102.86,180.0,bottom,C1,,C_0402_1005Metric,10u,smt,True
96.335,-103.685,180.0,top,C10,,C_0201_0603Metric,0.1 uF,smt,True
96.855,-105.11,180.0,bottom,C11,,C_0603_1608Metric,4.7u,smt,True
94.63,-104.36,-90.0,bottom,C12,,C_0603_1608Metric,4.7u,smt,True
98.705,-101.985,180.0,bottom,C15,,C_0402_1005Metric,10u,smt,True
80.29,-95.95,0.0,bottom,C2,,C_0402_1005Metric,22p,smt,True
80.265,-99.1,0.0,bottom,C3,,C_0402_1005Metric,22p,smt,True
74.58,-93.86,180.0,bottom,C4,,C_0805_2012Metric,0.1 uF,smt,True
81.20445,-106.58335,-90.0,bottom,C5,,C_0402_1005Metric,220p,smt,True
90.12945,-106.43335,-90.0,bottom,C6,,C_0402_1005Metric,220p,smt,True
88.30445,-102.63335,180.0,bottom,C7,,C_0402_1005Metric,10u,smt,True
88.30445,-103.55835,0.0,bottom,C8,,C_0402_1005Metric,100 nF,smt,True
89.98,-100.96,180.0,top,C9,,C_0402_1005Metric,10u,smt,True
78.64,-107.2625,0.0,top,D1,,WS2812B-2020,WS2812B-2020,smt,True
69.105,-93.86,0.0,top,D2,,LED_0603_1608Metric,BLUE,smt,True
74.08,-93.86,180.0,top,D3,,LED_0603_1608Metric,RED,smt,True
101.48,-100.11,0.0,top,D4,,D_SOD-323,BZX38450,smt,True
98.7675,-96.385,0.0,top,D5,,LED_0603_1608Metric,REV,smt,True
101.73,-102.035,0.0,top,D6,,D_SOD-323F,PMEG1030EJ,smt,True
82.40445,-106.00835,90.0,bottom,FB1,MH1608-471Y,C_0603_1608Metric,FB_Sm,smt,True
88.90445,-105.85835,90.0,bottom,FB2,HCB1608KF-102T10,C_0603_1608Metric,FB_Sm,smt,True
72.105,-104.735,90.0,top,IC1,,USON-8-03x02mm-PSON50P200X300X50-9N,Flash_16Mb,smt,True
78.042,-101.96,90.0,top,IC2,,LSM6DSLTR,LSM6DSLTR,smt,True
96.38,-103.16,90.0,bottom,IC3,,NCP186AMX330TAG,NCP186AMX330TAG,smt,True
91.48,-103.66,90.0,top,IC4,,SON50P300X300X100-11N-D,MCP73834T-FCI_MF,smt,True
101.555,-94.11,-90.0,top,J1,,PinSocket_1x02_P2.00mm_Vertical,BATT,tht,False
116.83,-108.31,180.0,top,J11,,Molex uSD Card Holder Push-Push 503398-1892,503398-1892,smt,True
95.78,-95.685,-90.0,top,J2,,PinSocket_2x04_P2.00mm_Vertical,LEDs,tht,False
70.08,-98.86,-90.0,top,J3,,JST_SH_SM04B-SRSS-TB_1x04-1MP_P1.00mm_Horizontal,QWIIC,smt,False
86.65445,-106.68335,-90.0,top,J4,,PinSocket_1x02_P2.00mm_Vertical,SPKR,tht,False
108.1975,-100.23575,-90.0,bottom,J5,12401832E402A,AMPHENOL_12401832E402A,105450-0101,smt,True
86.78,-95.685,-90.0,top,J9,,PinSocket_2x03_P2.00mm_Vertical,BTNs,tht,True
101.6675,-96.935,0.0,top,Q1,,DMP1012UFDF,DMP1012UFDF,smt,True
97.455,-99.422,0.0,top,Q2,,SSM6K504NULF,SSM6K504NU.LF,smt,True
94.742,-99.335,-90.0,top,Q3,,SSM6K504NULF,SSM6K504NU.LF,smt,True
100.88,-102.5975,-90.0,bottom,Q4,,DMP1012UFDF,DMP1012UFDF,smt,True
95.655,-98.36,90.0,bottom,Q5,,Diodes_DFN1006-3,PMZB290UNE2YL,smt,True
93.675,-98.36,90.0,bottom,Q6,,Diodes_DFN1006-3,PMZB290UNE2YL,smt,True
91.645,-98.45,90.0,bottom,Q7,,Diodes_DFN1006-3,PMZB290UNE2YL,smt,True
89.655,-98.38,90.0,bottom,Q8,,Diodes_DFN1006-3,PMZB290UNE2YL,smt,True
102.78,-107.1,-90.0,bottom,R1,,R_0402_1005Metric,22,smt,True
99.28,-98.045,90.0,top,R10,,R_0402_1005Metric,1k,smt,True
92.605,-103.86,180.0,bottom,R11,,R_0402_1005Metric,2.0k,smt,True
102.155,-98.685,0.0,top,R12,,R_0402_1005Metric,200,smt,True
89.98,-100.01,180.0,top,R13,,R_0402_1005Metric,100k,smt,True
88.58,-100.485,-90.0,top,R14,,R_0402_1005Metric,100k,smt,True
98.255,-103.435,90.0,bottom,R15,,R_0402_1005Metric,100k,smt,True
105.43,-96.96,90.0,bottom,R16,,R_0402_1005Metric,100k,smt,True
91.655,-102.46,-90.0,bottom,R17,,R_0402_1005Metric,10k,smt,True
101.805,-107.56,-90.0,bottom,R2,,R_0402_1005Metric,22,smt,True
79.83,-94.185,180.0,bottom,R21,,R_0402_1005Metric,1k,smt,True
79.82,-93.235,180.0,bottom,R22,,R_0402_1005Metric,1k,smt,True
107.955,-93.335,0.0,top,R23,,R_0402_1005Metric,5k1,smt,True
111.995,-93.385,0.0,top,R24,,R_0402_1005Metric,5k1,smt,True
71.105,-93.86,-90.0,top,R3,,R_0402_1005Metric,1k,smt,True
72.08,-93.86,-90.0,top,R4,,R_0402_1005Metric,1k,smt,True
74.505,-98.96,-90.0,top,R5,,R_0402_1005Metric,2.0k,smt,True
75.455,-98.96,90.0,top,R6,,R_0402_1005Metric,2.0k,smt,True
85.53,-100.735,180.0,bottom,R7,,R_0402_1005Metric,1M,smt,True
97.995,-103.81,180.0,top,R8,,R_0402_1005Metric,330,smt,True
98.291,-102.377,90.0,top,R9,,R_0402_1005Metric,2.2k,smt,True
75.055,-105.459999,90.0,top,SW1,,CK_Components-KMR231NG_LFS-MFG,RST,tht,True
69.28,-105.310001,90.0,top,SW2,,CK_Components-KMR231NG_LFS-MFG,USR,tht,True
71.08,-100.51,-90.0,bottom,U1,,XCVR_MDBT50Q-1MV2,MDBT50Q-1MV2,smt,True
85.505,-103.13445,-90.0,bottom,U2,,Maxim_Integrated-T1633-4-0-V-IPC_C,MAX98357AETE+T,tht,True
96.766,-102.127,-90.0,top,U3,,WSON-6_1.5x1.5mm_P0.5mm,BQ29705DSER ,smt,True
80.255,-97.51,0.0,bottom,Y1,,XTAL_ECS-.327-12.5-1210B-N-TR,32.768k,smt,True
