﻿pos_x,pos_y,rotation,side,designator,mpn,pack,value,mount_type,place
87.55,-96.57,180.0,top,C1,,C_0402_1005Metric,10u,smt,True
110.75,-95.37,90.0,top,C10,,C_0201_0603Metric,0.1 uF,smt,True
106.675,-100.395,0.0,top,C11,,C_0603_1608Metric,4.7u,smt,True
104.575,-107.045,90.0,top,C12,,C_0603_1608Metric,4.7u,smt,True
105.725,-98.545,0.0,top,C15,,C_0402_1005Metric,10u,smt,True
87.55,-103.588031,0.0,top,C2,,C_0402_1005Metric,22p,smt,True
87.795,-100.468031,0.0,top,C3,,C_0402_1005Metric,22p,smt,True
79.925,-106.77,90.0,top,C4,,C_0805_2012Metric,0.1 uF,smt,True
116.49534,-102.66,0.0,top,C5,,C_0402_1005Metric,220p,smt,True
117.45,-106.595,180.0,top,C6,,C_0402_1005Metric,220p,smt,True
114.305,-106.67,180.0,top,C7,,C_0402_1005Metric,10u,smt,True
114.305,-107.67,0.0,top,C8,,C_0402_1005Metric,100 nF,smt,True
102.85,-101.42,0.0,top,C9,,C_0402_1005Metric,10u,smt,True
84.35,-92.27,180.0,top,D1,,WS2812B-2020,WS2812B,smt,True
74.3,-107.038031,-90.0,top,D2,,LED_0603_1608Metric,BLUE,smt,True
76.99,-106.948031,-90.0,top,D3,,LED_0603_1608Metric,RED,smt,True
103.5375,-94.62,0.0,top,D4,,D_SOD-323,BZX38450,smt,True
108.6375,-94.92,0.0,top,D5,,LED_0603_1608Metric,REV,smt,True
99.975,-106.945,180.0,top,D6,,SODFL4725X105N,RSX501LAM20TR,smt,True
116.17534,-103.87,180.0,top,FB1,MH1608-471Y,C_0603_1608Metric,FB_Sm,smt,True
116.17534,-105.37,180.0,top,FB2,HCB1608KF-102T10,C_0603_1608Metric,FB_Sm,smt,True
80.16,-92.238031,0.0,top,IC1,,USON-8-03x02mm-PSON50P200X300X50-9N,Flash_16Mb,smt,True
109.935,-96.25594,0.0,bottom,IC2,,LSM6DSLTR,LSM6DSLTR,smt,True
108.025,-104.845,90.0,top,IC3,,SOIC-8_3.9x4.9mm_P1.27mm,AP2115M-3.3TRG1,smt,True
106.675,-92.62,90.0,top,J1,,PinSocket_1x02_P2.00mm_Vertical,BATT,tht,True
95.475,-96.045,180.0,top,J10,,Molex USB-C Horizontal 2171830001,217183-0001,tht,True
79.45,-99.82,90.0,bottom,J2,,GTFP08431BEU,GTFP08431BEU,smt,True
116.5,-94.37,0.0,bottom,J3,,JST_SH_SM04B-SRSS-TB_1x04-1MP_P1.00mm_Horizontal,QWIIC,smt,False
117.075,-99.22,90.0,top,J4,,JST_SH_SM02B-SRSS-TB_1x02-1MP_P1.00mm_Horizontal,SPKR,smt,False
117.475,-105.245,180.0,bottom,J5,,JST_SH_SM02B-SRSS-TB_1x02-1MP_P1.00mm_Horizontal,BLADE_1,smt,True
111.65,-105.27,180.0,bottom,J6,,JST_SH_SM02B-SRSS-TB_1x02-1MP_P1.00mm_Horizontal,BLADE_2,smt,True
105.8,-105.27,180.0,bottom,J7,,JST_SH_SM02B-SRSS-TB_1x02-1MP_P1.00mm_Horizontal,BLADE_3,smt,True
100.0,-105.27,180.0,bottom,J8,,JST_SH_SM02B-SRSS-TB_1x02-1MP_P1.00mm_Horizontal,BLADE_4,smt,True
92.675,-105.245,180.0,bottom,J9,,JST_SH_SM05B-SRSS-TB_1x05-1MP_P1.00mm_Horizontal,BTNS,smt,True
103.7375,-92.395,0.0,top,Q1,,DMP1012UFDF,DMP1012UFDF,smt,True
114.1,-93.095,0.0,top,Q2,,SSM6K504NULF,SSM6K504NU.LF,smt,True
111.5,-93.195,180.0,top,Q3,,SSM6K504NULF,SSM6K504NU.LF,smt,True
103.3625,-97.37,-90.0,top,Q4,,DMP1012UFDF,DMP1012UFDF,smt,True
116.575,-101.345,0.0,bottom,Q5,,Diodes_DFN1006-3,PMZB290UNE2YL,smt,True
110.75,-101.37,0.0,bottom,Q6,,Diodes_DFN1006-3,PMZB290UNE2YL,smt,True
104.975,-101.345,0.0,bottom,Q7,,Diodes_DFN1006-3,PMZB290UNE2YL,smt,True
99.85,-101.37,180.0,bottom,Q8,,Diodes_DFN1006-3,PMZB290UNE2YL,smt,True
87.575,-94.52,180.0,top,R1,,R_0402_1005Metric,22,smt,True
106.16,-94.62,0.0,top,R10,,R_0402_1005Metric,1k,smt,True
94.75,-105.42,180.0,top,R11,,R_0402_1005Metric,2.0k,smt,True
106.15,-95.62,0.0,top,R12,,R_0402_1005Metric,200,smt,True
105.74,-97.545,0.0,top,R13,,R_0402_1005Metric,100k,smt,True
107.175,-98.095,-90.0,top,R14,,R_0402_1005Metric,100k,smt,True
104.825,-103.82,-90.0,top,R15,,R_0402_1005Metric,100k,smt,True
96.85,-104.97,0.0,top,R16,,R_0402_1005Metric,100k,smt,True
87.575,-93.52,180.0,top,R2,,R_0402_1005Metric,22,smt,True
88.8,-99.995,90.0,bottom,R21,,R_0402_1005Metric,1k,smt,True
89.215,-101.47,180.0,bottom,R22,,R_0402_1005Metric,1k,smt,True
95.375,-97.12,0.0,bottom,R23,,R_0402_1005Metric,5k1,smt,True
94.885,-100.995,180.0,bottom,R24,,R_0402_1005Metric,5k1,smt,True
75.64,-107.198031,90.0,top,R3,,R_0402_1005Metric,1k,smt,True
78.32,-107.178031,90.0,top,R4,,R_0402_1005Metric,1k,smt,True
116.5,-98.145,0.0,bottom,R5,,R_0402_1005Metric,2.0k,smt,True
118.65,-98.145,0.0,bottom,R6,,R_0402_1005Metric,2.0k,smt,True
112.405,-106.67,0.0,top,R7,,R_0402_1005Metric,1M,smt,True
105.75,-96.595,0.0,top,R8,,R_0402_1005Metric,330,smt,True
112.575,-97.145,0.0,top,R9,,R_0402_1005Metric,2.2k,smt,True
90.225,-107.145,180.0,top,SW1,,CK_Components-KMR231NG_LFS-MFG,RST,tht,True
83.7,-106.82,180.0,top,SW2,,CK_Components-KMR231NG_LFS-MFG,USR,tht,True
78.375,-99.283031,90.0,top,U1,,XCVR_MDBT50Q-1MV2,MDBT50Q-1MV2,smt,True
112.77445,-104.26644,0.0,top,U2,,Maxim_Integrated-T1633-4-0-V-IPC_C,MAX98357AETE+T,tht,True
112.3,-95.633,180.0,top,U3,,WSON-6_1.5x1.5mm_P0.5mm,BQ29705DSER ,smt,True
99.8375,-103.745,180.0,top,U4,,SOT-23-5,MCP73832-2-OT,smt,True
87.65,-102.028031,0.0,top,Y1,,XTAL_ECS-.327-12.5-1210B-N-TR,32.768k,smt,True
