﻿pos_x,pos_y,rotation,side,designator,mpn,pack,value,mount_type,place
80.08,-102.86,180.0,bottom,C1,GRM155R60J106ME05D,C_0402_1005Metric,10u,smt,True
96.335,-103.685,180.0,top,C10,02016D104KAT2A,C_0201_0603Metric,0.1 uF,smt,True
96.855,-105.11,180.0,bottom,C11,CL10A475MQ8NNNC ,C_0603_1608Metric,4.7u,smt,True
94.63,-104.36,-90.0,bottom,C12,CL10A475MQ8NNNC ,C_0603_1608Metric,4.7u,smt,True
98.705,-101.985,180.0,bottom,C15,GRM155R60J106ME05D,C_0402_1005Metric,10u,smt,True
80.29,-95.95,0.0,bottom,C2,GCM1555G1H220JA16D,C_0402_1005Metric,22p,smt,True
80.265,-99.1,0.0,bottom,C3,GCM1555G1H220JA16D,C_0402_1005Metric,22p,smt,True
74.58,-93.86,180.0,bottom,C4,C0805C104K5RACTU,C_0805_2012Metric,0.1 uF,smt,True
81.20445,-106.4,90.0,bottom,C5,885012207056 ,C_0402_1005Metric,220p,smt,True
90.12945,-106.43335,-90.0,bottom,C6,885012207056 ,C_0402_1005Metric,220p,smt,True
88.30445,-102.63335,180.0,bottom,C7,GRM155R60J106ME05D,C_0402_1005Metric,10u,smt,True
88.30445,-103.55835,0.0,bottom,C8,C0402C104K9RACTU,C_0402_1005Metric,100 nF,smt,True
89.98,-100.96,180.0,top,C9,GRM155R60J106ME05D,C_0402_1005Metric,10u,smt,True
78.64,-107.2625,0.0,top,D1,WS2812B-2020,WS2812B-2020,WS2812B-2020,smt,True
69.105,-93.86,0.0,top,D2,LTST-C193TBKT-5A,LED_0603_1608Metric,BLUE,smt,True
74.08,-93.86,180.0,top,D3,LTST-C193KRKT-5A,LED_0603_1608Metric,RED,smt,True
101.48,-100.11,0.0,top,D4,BZX38450-C1V8X,D_SOD-323,BZX38450,smt,True
98.7675,-96.385,0.0,top,D5,LTST-C193KRKT-5A,LED_0603_1608Metric,REV,smt,True
101.73,-102.035,0.0,top,D6,"PMEG1030EJ,115 ",D_SOD-323F,PMEG1030EJ,smt,True
82.40445,-106.00835,90.0,bottom,FB1,MH1608-471Y,C_0603_1608Metric,FB_Sm,smt,True
88.90445,-105.85835,90.0,bottom,FB2,MH1608-471Y,C_0603_1608Metric,FB_Sm,smt,True
72.08,-104.51,90.0,top,IC1,GD25Q16EEIGR,USON-8-03x02mm-PSON50P200X300X50-9N,Flash_16Mb,smt,True
78.042,-101.96,90.0,top,IC2,LSM6DSLTR,LSM6DSLTR,LSM6DSLTR,smt,True
96.38,-103.16,90.0,bottom,IC3,NCP186AMX330TAG,NCP186AMX330TAG,NCP186AMX330TAG,smt,True
91.48,-103.66,90.0,top,IC4,MCP73834T-FCI/MF,SON50P300X300X100-11N-D,MCP73834T-FCI_MF,smt,True
104.09,-103.91,90.0,bottom,IC5,,SON50P100X145X65-6N-D,HSP061-2M6,smt,True
101.555,-94.11,-90.0,top,J1,,PinSocket_1x02_P2.00mm_Vertical,BATT,tht,False
116.83,-108.31,180.0,top,J11,503398-1892,Molex uSD Card Holder Push-Push 503398-1892,503398-1892,smt,True
95.78,-95.685,-90.0,top,J2,,PinSocket_2x04_P2.00mm_Vertical,LEDs,tht,False
70.355,-98.84,-90.0,top,J3,SM04B-SRSS-TB(LF)(SN),JST_SH_SM04B-SRSS-TB_1x04-1MP_P1.00mm_Horizontal,QWIIC,smt,True
86.65445,-106.68335,-90.0,top,J4,,PinSocket_1x02_P2.00mm_Vertical,SPKR,tht,False
108.1975,-100.23575,-90.0,bottom,J5,12401832E402A,AMPHENOL_12401832E402A,105450-0101,smt,True
72.68,-107.16,0.0,bottom,J6,,Prog-Pads,DBG,smt,False
86.78,-95.685,-90.0,top,J9,,PinSocket_2x03_P2.00mm_Vertical,BTNs,tht,False
101.6675,-96.935,0.0,top,Q1,DMP1012UFDF-7 ,DMP1012UFDF,DMP1012UFDF,smt,True
97.455,-99.422,0.0,top,Q2,"SSM6K504NU,LF",SSM6K504NULF,SSM6K504NU.LF,smt,True
94.742,-99.335,-90.0,top,Q3,"SSM6K504NU,LF",SSM6K504NULF,SSM6K504NU.LF,smt,True
100.88,-102.5975,-90.0,bottom,Q4,DMP1012UFDF-7 ,DMP1012UFDF,DMP1012UFDF,smt,True
95.655,-98.36,90.0,bottom,Q5,PMZB290UNE2YL,Diodes_DFN1006-3,PMZB290UNE2YL,smt,True
93.675,-98.36,90.0,bottom,Q6,PMZB290UNE2YL,Diodes_DFN1006-3,PMZB290UNE2YL,smt,True
91.645,-98.45,90.0,bottom,Q7,PMZB290UNE2YL,Diodes_DFN1006-3,PMZB290UNE2YL,smt,True
89.655,-98.38,90.0,bottom,Q8,PMZB290UNE2YL,Diodes_DFN1006-3,PMZB290UNE2YL,smt,True
104.32,-106.79,-90.0,bottom,R1,RC0402FR-0722RL,R_0402_1005Metric,22,smt,True
99.28,-98.045,90.0,top,R10,CRG0402F1K0,R_0402_1005Metric,1k,smt,True
92.605,-103.86,180.0,bottom,R11,RC0402JR-072KL,R_0402_1005Metric,2.0k,smt,True
102.155,-98.685,0.0,top,R12,RC0402FR-07200RL,R_0402_1005Metric,200,smt,True
89.98,-100.01,180.0,top,R13,RMC10K104FTH,R_0402_1005Metric,100k,smt,True
88.58,-100.485,-90.0,top,R14,RMC10K104FTH,R_0402_1005Metric,100k,smt,True
98.255,-103.435,90.0,bottom,R15,RMC10K104FTH,R_0402_1005Metric,100k,smt,True
105.43,-96.96,90.0,bottom,R16,RMC10K104FTH,R_0402_1005Metric,100k,smt,True
91.655,-102.46,-90.0,bottom,R17,RC0402JR-075K1P,R_0402_1005Metric,10k,smt,True
103.345,-107.25,-90.0,bottom,R2,RC0402FR-0722RL,R_0402_1005Metric,22,smt,True
79.83,-94.185,180.0,bottom,R21,CRG0402F1K0,R_0402_1005Metric,1k,smt,True
79.82,-93.235,180.0,bottom,R22,CRG0402F1K0,R_0402_1005Metric,1k,smt,True
107.955,-93.335,0.0,top,R23,ERJ-U02F5101X ,R_0402_1005Metric,5k1,smt,True
111.995,-93.385,0.0,top,R24,ERJ-U02F5101X ,R_0402_1005Metric,5k1,smt,True
71.105,-93.86,-90.0,top,R3,CRG0402F1K0,R_0402_1005Metric,1k,smt,True
72.08,-93.86,-90.0,top,R4,CRG0402F1K0,R_0402_1005Metric,1k,smt,True
74.505,-98.96,-90.0,top,R5,RC0402JR-072KL,R_0402_1005Metric,2.0k,smt,True
75.455,-98.96,90.0,top,R6,RC0402JR-072KL,R_0402_1005Metric,2.0k,smt,True
85.53,-100.735,180.0,bottom,R7,CRGP0402F1M0,R_0402_1005Metric,1M,smt,True
97.995,-103.81,180.0,top,R8,RMC10-331JTH,R_0402_1005Metric,330,smt,True
98.291,-102.377,90.0,top,R9,CRCW04022K20FKEDC,R_0402_1005Metric,2.2k,smt,True
75.055,-105.459999,90.0,top,SW1,KMR231NGLFS,CK_Components-KMR231NG_LFS-MFG,RST,tht,True
69.28,-105.310001,90.0,top,SW2,KMR231NGLFS,CK_Components-KMR231NG_LFS-MFG,USR,tht,True
71.08,-100.51,-90.0,bottom,U1,MDBT50Q-1MV2,XCVR_MDBT50Q-1MV2,MDBT50Q-1MV2,smt,True
85.505,-103.13445,-90.0,bottom,U2,MAX98357AETE+T ,Maxim_Integrated-T1633-4-0-V-IPC_C,MAX98357AETE+T,tht,True
96.766,-102.127,-90.0,top,U3,BQ29705DSER,WSON-6_1.5x1.5mm_P0.5mm,BQ29705DSER ,smt,True
80.255,-97.51,0.0,bottom,Y1,ECS-.327-12.5-1210B-N-TR,XTAL_ECS-.327-12.5-1210B-N-TR,32.768k,smt,True
