﻿pos_x,pos_y,rotation,side,designator,mpn,pack,value,mount_type,place
80.08,-102.86,180.0,bottom,C1,GRM155R60J106ME05D,C_0402_1005Metric,10u,smt,True
98.8,-98.18,90.0,top,C10,CC0402KRX7R7BB104,C_0402_1005Metric,0.1 uF,smt,True
99.079982,-104.271744,-90.0,bottom,C11,CC0402MRX5R5BB475,C_0402_1005Metric,4.7u,smt,True
95.429982,-103.491744,90.0,bottom,C12,CL10A475MQ8NNNC ,C_0402_1005Metric,4.7u,smt,True
96.399982,-100.731744,180.0,bottom,C13,GRM155R60J106ME05D,C_0402_1005Metric,10u,smt,True
87.539982,-103.371744,0.0,top,C14,CC0402KRX7R7BB104,C_0402_1005Metric,0.1 uF,smt,True
89.359982,-103.371744,0.0,top,C15,CC0402KRX7R7BB104,C_0402_1005Metric,0.1 uF,smt,True
91.199982,-100.821744,90.0,top,C16,CC0402KRX7R7BB104,C_0402_1005Metric,0.1 uF,smt,True
80.349982,-95.95,0.0,bottom,C2,GCM1555G1H220JA16D,C_0402_1005Metric,22p,smt,True
80.349982,-99.071744,0.0,bottom,C3,GCM1555G1H220JA16D,C_0402_1005Metric,22p,smt,True
74.58,-93.86,180.0,bottom,C4,C0805C104K5RACTU,C_0805_2012Metric,0.1 uF,smt,True
81.20445,-106.4,-90.0,bottom,C5,885012207056 ,C_0402_1005Metric,220p,smt,True
90.12945,-106.43335,-90.0,bottom,C6,885012207056 ,C_0402_1005Metric,220p,smt,True
88.30445,-102.63335,180.0,bottom,C7,GRM155R60J106ME05D,C_0402_1005Metric,10u,smt,True
88.30445,-103.55835,0.0,bottom,C8,C0402C104K9RACTU,C_0402_1005Metric,100 nF,smt,True
100.149982,-99.831744,0.0,top,C9,GRM155R60J106ME05D,C_0402_1005Metric,10u,smt,True
76.732482,-102.251744,90.0,top,D1,WS2812B-2020,WS2812B-2020,WS2812B-2020,smt,True
69.105,-93.86,0.0,top,D2,LTST-C193TBKT-5A,LED_0603_1608Metric,BLUE,smt,True
74.08,-93.86,180.0,top,D3,LTST-C193KRKT-5A,LED_0603_1608Metric,RED,smt,True
102.739982,-99.611744,0.0,top,D4,BZX38450-C1V8X,D_SOD-323,BZX38450,smt,True
98.7675,-96.385,0.0,top,D5,LTST-C193KRKT-5A,LED_0603_1608Metric,REV,smt,True
96.719982,-104.191744,0.0,top,D6,"PMEG1030EJ,115 ",D_SOD-323F,PMEG1030EJ,smt,True
82.40445,-106.00835,90.0,bottom,FB1,MH1608-471Y,C_0603_1608Metric,FB_Sm,smt,True
88.90445,-105.85835,90.0,bottom,FB2,MH1608-471Y,C_0603_1608Metric,FB_Sm,smt,True
82.369982,-101.191744,180.0,top,IC1,GD25Q16ETIGR,SOP-8_3.9x4.9mm_P1.27mm,Flash_16Mb,smt,True
100.189982,-102.711744,90.0,top,IC2,MCP73834T-FCI/MF,SON50P300X300X100-11N-D,MCP73834T-FCI_MF,smt,True
101.97,-106.1,90.0,bottom,IC3,HSP061-2M6,SON50P100X145X65-6N-D,HSP061-2M6,smt,True
88.579982,-100.781744,0.0,top,IC4,ICM-20648,QFN40P300X300X95-25N-D,ICM-20648,smt,True
101.535,-94.125,-90.0,top,J1,,PinSocket_1x02_P2.00mm_Vertical,BATT,tht,False
103.495,-107.54,0.0,bottom,J2,503398-1892,Molex uSD Card Holder Push-Push 503398-1892,503398-1892,smt,True
72.68,-107.16,0.0,bottom,J3,,Prog-Pads,DBG,smt,False
86.65445,-106.68335,-90.0,top,J4,,PinSocket_1x02_P2.00mm_Vertical,SPKR,tht,False
95.78,-95.685,-90.0,top,J5,,PinSocket_2x04_P2.00mm_Vertical,LEDs,tht,False
86.78,-95.685,-90.0,top,J6,,PinSocket_2x03_P2.00mm_Vertical,BTNs,tht,False
107.84,-99.19,90.0,top,J7,12401832E402A,AMPHENOL_12401832E402A,105450-0101,smt,True
72.23,-98.69,-90.0,top,J8,SM04B-SRSS-TB(LF)(SN),JST_SH_SM04B-SRSS-TB_1x04-1MP_P1.00mm_Horizontal,QWIIC,smt,True
101.6475,-96.95,0.0,top,Q1,DMP1012UFDF-7 ,DMP1012UFDF,DMP1012UFDF,smt,True
96.728,-101.51,-90.0,top,Q2,"SSM6K504NU,LF",SSM6K504NULF,SSM6K504NU.LF,smt,True
96.628,-98.86,90.0,top,Q3,"SSM6K504NU,LF",SSM6K504NULF,SSM6K504NU.LF,smt,True
100.88,-102.5975,-90.0,bottom,Q4,DMP1012UFDF-7 ,DMP1012UFDF,DMP1012UFDF,smt,True
95.655,-98.36,90.0,bottom,Q5,PMZB290UNE2YL,Diodes_DFN1006-3,PMZB290UNE2YL,smt,True
93.675,-98.36,90.0,bottom,Q6,PMZB290UNE2YL,Diodes_DFN1006-3,PMZB290UNE2YL,smt,True
91.645,-98.45,90.0,bottom,Q7,PMZB290UNE2YL,Diodes_DFN1006-3,PMZB290UNE2YL,smt,True
89.655,-98.38,90.0,bottom,Q8,PMZB290UNE2YL,Diodes_DFN1006-3,PMZB290UNE2YL,smt,True
97.81,-106.77,180.0,bottom,R1,RC0402FR-0722RL,R_0402_1005Metric,22,smt,True
99.28,-96.35,180.0,bottom,R10,CRG0402F1K0,R_0402_1005Metric,1k,smt,True
102.08,-98.7,180.0,bottom,R11,RC0402FR-07200RL,R_0402_1005Metric,200,smt,True
94.179982,-104.231744,-90.0,top,R12,RMC10K104FTH,R_0402_1005Metric,100k,smt,True
93.189982,-104.241744,90.0,top,R13,RMC10K104FTH,R_0402_1005Metric,100k,smt,True
105.139982,-101.991744,0.0,top,R14,RMC10K104FTH,R_0402_1005Metric,100k,smt,True
96.919982,-101.701744,0.0,bottom,R15,RMC10K104FTH,R_0402_1005Metric,100k,smt,True
80.319982,-94.061744,180.0,bottom,R16,CRG0402F1K0,R_0402_1005Metric,1k,smt,True
80.319982,-95.001744,180.0,bottom,R17,CRG0402F1K0,R_0402_1005Metric,1k,smt,True
104.42,-95.57,90.0,top,R18,ERJ-U02F5101X ,R_0402_1005Metric,5k1,smt,True
105.46,-95.57,90.0,top,R19,ERJ-U02F5101X ,R_0402_1005Metric,5k1,smt,True
97.81,-107.74,180.0,bottom,R2,RC0402FR-0722RL,R_0402_1005Metric,22,smt,True
77.239982,-98.641744,-90.0,top,R20,RC0402JR-072KL,R_0402_1005Metric,2.0k,smt,True
78.189982,-98.641744,90.0,top,R21,RC0402JR-072KL,R_0402_1005Metric,2.0k,smt,True
71.105,-93.86,-90.0,top,R3,CRG0402F1K0,R_0402_1005Metric,1k,smt,True
72.08,-93.86,-90.0,top,R4,CRG0402F1K0,R_0402_1005Metric,1k,smt,True
86.429982,-100.761744,0.0,bottom,R5,CRGP0402F1M0,R_0402_1005Metric,1M,smt,True
100.2,-98.7,180.0,top,R6,RMC10-331JTH,R_0402_1005Metric,330,smt,True
93.779982,-101.571744,-90.0,top,R7,CRCW04022K20FKEDC,R_0402_1005Metric,2.2k,smt,True
103.159982,-104.021744,-90.0,top,R8,RC0402JR-072KL,R_0402_1005Metric,2.0k,smt,True
104.099982,-104.001744,-90.0,top,R9,RC0402JR-075K1P,R_0402_1005Metric,10k,smt,True
78.45,-94.51,180.0,top,SW1,KMR231NGLFS,CK_Components-KMR231NG_LFS-MFG,RST,tht,True
69.28,-105.310001,90.0,top,SW2,KMR231NGLFS,CK_Components-KMR231NG_LFS-MFG,USR,tht,True
71.08,-100.51,-90.0,bottom,U1,MDBT50Q-1MV2,XCVR_MDBT50Q-1MV2,MDBT50Q-1MV2,smt,True
85.505,-103.13445,-90.0,bottom,U2,MAX98357AETE+T ,Maxim_Integrated-T1633-4-0-V-IPC_C,MAX98357AETE+T,tht,True
93.844982,-99.621744,180.0,top,U3,BQ29705DSER,WSON-6_1.5x1.5mm_P0.5mm,BQ29705DSER ,smt,True
97.219982,-103.451744,0.0,bottom,U4,TLV75733PDRVR,WSON-6-1EP_2x2mm_P0.65mm_EP1x1.6mm,TLV75733PDRV,smt,True
80.255,-97.51,0.0,bottom,Y1,ECS-.327-12.5-1210B-N-TR,XTAL_ECS-.327-12.5-1210B-N-TR,32.768k,smt,True
